INSERT INTO products VALUES
    ('00000000-0000-0000-0000-000000000001', 'MockBurger1', 1.99, 'Available'),
    ('00000000-0000-0000-0000-000000000002', 'MockBurger2', 4.99, 'Available'),
    ('00000000-0000-0000-0000-000000000003', 'MockBurger3', 2.99, 'Withdrawn'),
    ('00000000-0000-0000-0000-000000000004', 'MockBurger4', 3.99, 'Paused');
INSERT INTO discounts VALUES
    ('00000000-0000-0000-0000-000000000005', TRUE, 10.99, NULL, NULL),
    ('00000000-0000-0000-0000-000000000006', FALSE, 3.99, NULL, NULL),
    ('00000000-0000-0000-0000-000000000007', TRUE, NULL, 1.00, NULL),
    ('00000000-0000-0000-0000-000000000008', TRUE, NULL, NULL, 5);
INSERT INTO discounts_set_items VALUES
    ('00000000-0000-0000-0000-000000000005', '00000000-0000-0000-0000-000000000001', 1),
    ('00000000-0000-0000-0000-000000000005', '00000000-0000-0000-0000-000000000002', 2),
    ('00000000-0000-0000-0000-000000000006', '00000000-0000-0000-0000-000000000002', 2);
INSERT INTO cashiers VALUES
    ('00000000-0000-0000-0000-000000000007', 'Jamese Smith', 100),
    ('00000000-0000-0000-0000-000000000008', 'Suzanna Smith', -2.99);
INSERT INTO orders VALUES
    ('00000000-0000-0000-0000-000000000009', '00000000-0000-0000-0000-000000000007', 'Preparing', '2018-01-08 04:05:06', 10.99, 15),
    ('00000000-0000-0000-0000-00000000000A', '00000000-0000-0000-0000-000000000007', 'Serving', '2018-01-08 13:15:56', 8.98, 03),
    ('00000000-0000-0000-0000-00000000000B', '00000000-0000-0000-0000-000000000008', 'Finished', '2017-12-10 23:55:46', 0.99, 99),
    ('00000000-0000-0000-0000-00000000000C', '00000000-0000-0000-0000-000000000008', 'Canceled', '2017-12-11 11:32:46', 2.99, 01);
INSERT INTO order_items VALUES
    ('00000000-0000-0000-0000-00000000000A', '00000000-0000-0000-0000-000000000002', 3, 14.97),
    ('00000000-0000-0000-0000-000000000009', '00000000-0000-0000-0000-000000000002', 2, 8.98),
    ('00000000-0000-0000-0000-000000000009', '00000000-0000-0000-0000-000000000001', 1, 1.99),
    ('00000000-0000-0000-0000-00000000000B', '00000000-0000-0000-0000-000000000001', 1, 1.99),
    ('00000000-0000-0000-0000-00000000000C', '00000000-0000-0000-0000-000000000003', 1, 2.99);
INSERT INTO order_discount VALUES
    ('00000000-0000-0000-0000-000000000009', '00000000-0000-0000-0000-000000000005', 1),
    ('00000000-0000-0000-0000-00000000000A', '00000000-0000-0000-0000-000000000006', 2),
    ('00000000-0000-0000-0000-00000000000B', '00000000-0000-0000-0000-000000000006', 3);
INSERT INTO users VALUES
    ('DA244771-6634-4A55-B978-21FA779D915E', 'Admin1', 'e64b78fc3bc91bcbc7dc232ba8ec59e0', 'Admin'),
    ('FA684D6E-D2C6-481D-8617-9EA5963230C4', 'Manager1', '9b50bb25814ff13d1a38c5ec2393bceb', 'Manager');